KBatch,2024-06-06 18:23:57,2024-06-06 18:37:14,796.6316571235657,1327.593513522,9.0001,612.8816644376683,COMPLETED: you completed 8760 hours of simulated customer cases. 1480 cases started. 1347 cases run to completion.,673.2060734042835,0.5793350774508692,0.037194368279666566,67.33321904485814,20607,0,0,,,,
KBatch,2024-06-06 18:23:57,2024-06-06 18:38:58,900.9762871265411,1578.088369425,9.0002,749.9015107299981,COMPLETED: you completed 8760 hours of simulated customer cases. 1540 cases started. 1375 cases run to completion.,839.9385453182141,0.5959017688277184,0.03899218445195397,71.24298940775721,21642,0,0,,,,
KBatch,2024-06-06 18:23:57,2024-06-06 18:39:07,909.5497055053711,1613.506540794,9.0,654.3532695113358,COMPLETED: you completed 8760 hours of simulated customer cases. 1594 cases started. 1427 cases run to completion.,730.9026819942685,0.6109268873799122,0.04081861296843684,70.46693859762229,22077,0,0,,,,
KBatch,2024-06-06 18:23:57,2024-06-06 18:42:34,1116.5925605297089,1924.562255689,9.0003,1280.4349522330713,COMPLETED: you completed 8760 hours of simulated customer cases. 1723 cases started. 1371 cases run to completion.,1608.2562448582448,0.6096268618151678,0.04088705602506497,69.15587387106046,21716,0,0,,,,
KBatch,2024-06-06 18:39:07,2024-06-06 18:52:44,817.0417258739471,1507.6415214350002,9.000599999999999,740.8590172336501,COMPLETED: you completed 8760 hours of simulated customer cases. 1446 cases started. 1242 cases run to completion.,862.2501472817095,0.5601396035164853,0.037458127014423116,66.38442669341201,19794,0,0,,,,
KBatch,2024-06-06 18:37:14,2024-06-06 18:52:51,937.3194434642792,1718.980381228,9.000399999999999,942.677194433482,COMPLETED: you completed 8760 hours of simulated customer cases. 1578 cases started. 1269 cases run to completion.,1172.4024452787612,0.5996785309441657,0.044383483519368175,75.2704264680207,20239,0,0,,,,
KBatch,2024-06-06 18:38:58,2024-06-06 18:53:01,842.4646286964417,1390.699799751,9.000499999999999,715.457532225171,COMPLETED: you completed 8760 hours of simulated customer cases. 1510 cases started. 1369 cases run to completion.,789.1877225371536,0.5971455245863656,0.04010568587458403,69.60703743346555,21087,0,0,,,,
KBatch,2024-06-06 18:42:34,2024-06-06 19:00:14,1060.5389244556427,1960.483922602,9.000699999999998,1251.1523911079366,COMPLETED: you completed 8760 hours of simulated customer cases. 1681 cases started. 1297 cases run to completion.,1620.9777075902405,0.5908112053751651,0.042311140840362686,70.77274621123028,21359,0,0,,,,
KBatch,2024-06-06 18:52:44,2024-06-06 19:04:20,695.77392578125,1796.693203711,9.000799999999998,662.1963008457377,COMPLETED: you completed 8760 hours of simulated customer cases. 1526 cases started. 1423 cases run to completion.,709.9400504060906,0.6093536768552026,0.039339387813823255,69.48931837406224,21662,0,0,,,,
KBatch,2024-06-06 18:52:52,2024-06-06 19:06:00,787.8889901638031,2117.17537348,9.000899999999998,1218.8021456288477,COMPLETED: you completed 8760 hours of simulated customer cases. 1638 cases started. 1341 cases run to completion.,1488.7728227484563,0.6024432779656197,0.042558854808541276,71.97622800676447,21432,0,0,,,,
