Hungarian,2024-06-04 14:27:09,2024-06-04 14:28:47,97.91143894195557,97.556023736,3.0,304.30068602989206,COMPLETED: you completed 8760 hours of simulated customer cases. 1665 cases started. 1618 cases run to completion.,313.15370857186383,0.5688121798002614,0.036369925661652425,72.77754304525102,24493,137650,960197,,,,
Hungarian,2024-06-04 14:27:09,2024-06-04 14:28:51,102.21854329109192,101.82848289,2.0,294.6075301043925,COMPLETED: you completed 8760 hours of simulated customer cases. 1623 cases started. 1568 cases run to completion.,304.89811810188746,0.5065613960792321,0.02960902953421489,62.1069840365223,23855,119305,963134,,,,
Hungarian,2024-06-04 14:27:09,2024-06-04 14:28:53,103.96012830734253,103.61582929699999,1.0,261.95086847272665,COMPLETED: you completed 8760 hours of simulated customer cases. 1729 cases started. 1696 cases run to completion.,267.00880072676483,0.3824086549980725,0.033223028108434145,72.50452673147362,26046,94806,949136,,,,
Hungarian,2024-06-04 14:27:09,2024-06-04 14:28:54,104.97530698776245,104.585726352,4.0,317.9742257766829,COMPLETED: you completed 8760 hours of simulated customer cases. 1668 cases started. 1576 cases run to completion.,336.54365046112906,0.5653451260209524,0.0373670019799982,75.52281296529371,24188,137594,1031323,,,,
Hungarian,2024-06-04 14:28:53,2024-06-04 14:30:37,103.7448194026947,103.40892567200001,7.0,412.41688150546224,COMPLETED: you completed 8760 hours of simulated customer cases. 1691 cases started. 1557 cases run to completion.,447.6308641035609,0.5955884832032136,0.040123687053159926,77.25861261113575,23751,142487,1332608,,,,
Hungarian,2024-06-04 14:28:47,2024-06-04 14:30:40,112.46907782554626,112.086869658,5.0,524.6823138985543,COMPLETED: you completed 8760 hours of simulated customer cases. 1639 cases started. 1593 cases run to completion.,539.8484468923806,0.5908934178584806,0.039556589021956114,79.01893354052741,24428,146706,1942984,,,,
Hungarian,2024-06-04 14:28:54,2024-06-04 14:30:40,105.89173102378845,105.55052418700001,8.0,403.0111880621359,COMPLETED: you completed 8760 hours of simulated customer cases. 1630 cases started. 1519 cases run to completion.,432.4616721700742,0.582371177957995,0.04048590241935673,79.87071873944406,23244,137967,1202501,,,,
Hungarian,2024-06-04 14:28:52,2024-06-04 14:30:44,112.37296748161316,111.99397930500001,6.0,518.9859832108045,COMPLETED: you completed 8760 hours of simulated customer cases. 1674 cases started. 1416 cases run to completion.,613.6519889399061,0.5620734499546484,0.04275073980897912,87.11689587751178,22468,132244,1793302,,,,
Hungarian,2024-06-04 14:30:37,2024-06-04 14:32:20,102.94194030761719,102.620426866,9.0,498.24751052074726,COMPLETED: you completed 8760 hours of simulated customer cases. 1688 cases started. 1614 cases run to completion.,521.122469117672,0.6119186457913813,0.03975818828959797,76.21175732571113,24392,151018,1709701,,,,
Hungarian,2024-06-04 14:39:41,2024-06-04 14:41:08,86.71019411087036,86.408173087,1.2000000000000002,136.03918660923867,COMPLETED: you completed 8760 hours of simulated customer cases. 1614 cases started. 1552 cases run to completion.,141.3721199920943,0.3610102946077732,0.026969968868722275,55.889047735487836,23634,90464,342782,,,,
Hungarian,2024-06-04 14:39:41,2024-06-04 14:41:12,90.96972990036011,90.633452718,1.3000000000000003,157.04445746846213,COMPLETED: you completed 8760 hours of simulated customer cases. 1531 cases started. 1508 cases run to completion.,159.4471615918656,0.37357645667241884,0.025645233931071616,56.82621026145322,22992,87662,403297,,,,
Hungarian,2024-06-04 14:39:41,2024-06-04 14:41:13,91.96763134002686,91.65240097,1.0,220.4394064399801,COMPLETED: you completed 8760 hours of simulated customer cases. 1629 cases started. 1610 cases run to completion.,222.9755304359443,0.33544443561635856,0.03126247540364082,68.32030260375416,23855,81698,710100,,,,
Hungarian,2024-06-04 14:39:41,2024-06-04 14:41:44,122.29372763633728,121.810845099,1.1,227.341903111062,COMPLETED: you completed 8760 hours of simulated customer cases. 1900 cases started. 1861 cases run to completion.,232.12004048787227,0.4426620058047452,0.037746119864342495,73.78542776546612,28550,122313,969465,,,,
Hungarian,2024-06-04 14:41:08,2024-06-04 14:42:41,92.57828402519226,92.26059245,1.4000000000000004,204.419445546496,COMPLETED: you completed 8760 hours of simulated customer cases. 1696 cases started. 1623 cases run to completion.,213.6240511178955,0.44457125966487043,0.02861234209892923,59.57651982577707,24188,102429,634365,,,,
Hungarian,2024-06-04 14:41:13,2024-06-04 14:42:42,88.53304696083069,88.231924363,1.6000000000000005,191.45811091444853,COMPLETED: you completed 8760 hours of simulated customer cases. 1561 cases started. 1555 cases run to completion.,192.18709839677234,0.45844320031544833,0.025448578608529143,56.55414973070282,23692,100597,505134,,,,
Hungarian,2024-06-04 14:41:12,2024-06-04 14:43:00,107.51303791999817,107.116745588,1.5000000000000004,272.5125521033901,COMPLETED: you completed 8760 hours of simulated customer cases. 1695 cases started. 1676 cases run to completion.,275.6127165340225,0.4743594433425933,0.027349614857347007,58.624672673905245,24774,110448,1037757,,,,
Hungarian,2024-06-04 14:41:44,2024-06-04 14:43:18,93.82220220565796,93.49456609,1.7000000000000006,213.0742302177613,COMPLETED: you completed 8760 hours of simulated customer cases. 1601 cases started. 1558 cases run to completion.,218.89686829881634,0.43235094589349743,0.026324670624269433,55.9173331202464,23068,99080,591800,,,,
Hungarian,2024-06-04 14:42:41,2024-06-04 14:44:13,91.9976077079773,91.692297998,1.8000000000000007,189.92259455618097,COMPLETED: you completed 8760 hours of simulated customer cases. 1685 cases started. 1618 cases run to completion.,197.5741953989017,0.5059068594718662,0.02989557401261915,60.99526673019275,24664,115361,526139,,,,
Hungarian,2024-06-04 14:42:42,2024-06-04 14:44:18,96.27285242080688,95.943369085,1.9000000000000008,229.63884331236775,COMPLETED: you completed 8760 hours of simulated customer cases. 1704 cases started. 1675 cases run to completion.,233.56871859149774,0.5076530054263294,0.027855672748854702,55.41216493260209,25059,121645,694145,,,,
Hungarian,2024-06-04 14:43:00,2024-06-04 14:44:32,92.08811545372009,91.773675215,2.000000000000001,206.84497798769394,COMPLETED: you completed 8760 hours of simulated customer cases. 1533 cases started. 1499 cases run to completion.,211.52145540806896,0.4487508574314695,0.028648797393987877,59.40759933633141,22873,107379,524044,,,,
Hungarian,2024-06-04 14:43:18,2024-06-04 14:44:38,80.3935866355896,80.11814833,2.100000000000001,175.0770409482033,COMPLETED: you completed 8760 hours of simulated customer cases. 1416 cases started. 1381 cases run to completion.,179.48505094110897,0.413970688200722,0.02451490768365672,53.85900032331493,20534,89743,351592,,,,
Hungarian,2024-06-04 14:44:13,2024-06-04 14:45:34,81.31425023078918,81.049550418,2.200000000000001,204.83421147158907,COMPLETED: you completed 8760 hours of simulated customer cases. 1466 cases started. 1436 cases run to completion.,209.11379490486104,0.4162319162374697,0.022025947035131152,55.615505231368346,21626,100067,473909,,,,
Hungarian,2024-06-04 14:44:19,2024-06-04 14:45:48,88.89658498764038,88.60434698,2.300000000000001,220.1563412677789,COMPLETED: you completed 8760 hours of simulated customer cases. 1570 cases started. 1549 cases run to completion.,223.1368109704484,0.482569976140097,0.02934267500784076,63.601070721144275,23369,114221,590391,,,,
Hungarian,2024-06-04 14:44:39,2024-06-04 14:46:14,95.76603198051453,95.449627129,2.5000000000000013,265.4287025459342,COMPLETED: you completed 8760 hours of simulated customer cases. 1560 cases started. 1531 cases run to completion.,270.4748042471469,0.4683383621445738,0.026532863359061284,61.46488993733514,22817,115499,769648,,,,
Hungarian,2024-06-04 14:44:32,2024-06-04 14:46:15,102.60565781593323,102.242014673,2.4000000000000012,239.85957175937165,COMPLETED: you completed 8760 hours of simulated customer cases. 1686 cases started. 1621 cases run to completion.,249.45774000622652,0.5353214145558333,0.03359250476019253,68.09162664956345,24563,125071,722086,,,,
Hungarian,2024-06-04 14:45:35,2024-06-04 14:47:07,92.66828632354736,92.353026154,2.6000000000000014,276.2460986639605,COMPLETED: you completed 8760 hours of simulated customer cases. 1579 cases started. 1545 cases run to completion.,282.30931767151884,0.5461855140348716,0.03434099462656955,66.72218399620985,23727,122349,804106,,,,
Hungarian,2024-06-04 14:45:48,2024-06-04 14:47:41,113.46703314781189,113.09303420200001,2.7000000000000015,460.77631723482943,COMPLETED: you completed 8760 hours of simulated customer cases. 1729 cases started. 1633 cases run to completion.,487.5971371714842,0.5714724863463432,0.03707351224193789,75.21139932271568,25583,144412,1713378,,,,
Hungarian,2024-06-04 14:46:15,2024-06-04 14:47:52,97.30552864074707,96.983845499,2.8000000000000016,238.39277216556025,COMPLETED: you completed 8760 hours of simulated customer cases. 1581 cases started. 1545 cases run to completion.,243.9545844300719,0.51454052113679,0.031800061490534465,68.0472632858934,23405,121976,685248,,,,
Hungarian,2024-06-04 14:46:15,2024-06-04 14:47:57,102.05200362205505,101.705049841,2.9000000000000017,286.0876952683301,COMPLETED: you completed 8760 hours of simulated customer cases. 1658 cases started. 1602 cases run to completion.,296.0450005028985,0.5592968932224048,0.03568000366701938,71.26113026531706,24107,127894,912518,,,,
Hungarian,2024-06-04 14:47:08,2024-06-04 14:48:48,100.39676594734192,100.05834916,3.0000000000000018,321.15153181357954,COMPLETED: you completed 8760 hours of simulated customer cases. 1720 cases started. 1689 cases run to completion.,327.05253827149886,0.5777654349946173,0.03565133806222455,69.96897743736679,24874,135106,1027184,,,,
Hungarian,2024-06-04 14:47:41,2024-06-04 14:49:07,85.68240475654602,85.38517445800001,3.100000000000002,230.85285821961764,COMPLETED: you completed 8760 hours of simulated customer cases. 1508 cases started. 1470 cases run to completion.,236.82770161006704,0.5102788324900174,0.03360303353585624,70.13922609401142,22460,112265,589321,,,,
Hungarian,2024-06-04 14:47:57,2024-06-04 14:49:38,100.40768671035767,100.053120322,3.300000000000002,288.9499790872259,COMPLETED: you completed 8760 hours of simulated customer cases. 1629 cases started. 1598 cases run to completion.,294.55913837589924,0.5819290206236977,0.03825171508762131,72.28856066458864,23966,128233,810927,,,,
Hungarian,2024-06-04 14:47:52,2024-06-04 14:49:47,114.9715096950531,114.56238205,3.200000000000002,475.65963371419053,COMPLETED: you completed 8760 hours of simulated customer cases. 1658 cases started. 1497 cases run to completion.,526.9083599119683,0.5141523222239187,0.03384259988134694,74.82723950705076,23612,133628,1647273,,,,
Hungarian,2024-06-04 14:48:48,2024-06-04 14:50:17,88.24728035926819,87.94956468299999,3.400000000000002,271.3678397948623,COMPLETED: you completed 8760 hours of simulated customer cases. 1567 cases started. 1458 cases run to completion.,291.53829448953024,0.5038235696916338,0.032243184112058294,69.69657173740744,22492,119841,719805,,,,
Hungarian,2024-06-04 14:49:07,2024-06-04 14:50:41,93.39522767066956,93.077116758,3.500000000000002,327.18157865905823,COMPLETED: you completed 8760 hours of simulated customer cases. 1560 cases started. 1490 cases run to completion.,342.5243457102142,0.5194497826226767,0.03441087988984933,73.5557443987968,23175,132159,934889,,,,
Hungarian,2024-06-04 14:49:48,2024-06-04 14:51:26,98.75103688240051,98.41681704999999,3.7000000000000024,361.52625624669463,COMPLETED: you completed 8760 hours of simulated customer cases. 1529 cases started. 1529 cases run to completion.,361.52625624669463,0.5227468065975929,0.03316750194646668,74.25796596771163,22973,123479,1020141,,,,
Hungarian,2024-06-04 14:49:38,2024-06-04 14:51:34,116.35322618484497,115.926882267,3.6000000000000023,423.3681611927919,COMPLETED: you completed 8760 hours of simulated customer cases. 1723 cases started. 1682 cases run to completion.,433.562141171969,0.600455128969494,0.038734347317279386,72.46550994651588,24892,145437,1532174,,,,
Hungarian,2024-06-04 14:50:17,2024-06-04 14:51:52,95.15896439552307,94.845349717,3.8000000000000025,268.33965330675267,COMPLETED: you completed 8760 hours of simulated customer cases. 1650 cases started. 1633 cases run to completion.,271.12421911866863,0.5911493172258249,0.03778490218893875,70.88093919354905,24441,136417,770165,,,,
Hungarian,2024-06-04 14:50:41,2024-06-04 14:51:59,77.75437474250793,77.48372055600001,3.9000000000000026,204.86953887701145,COMPLETED: you completed 8760 hours of simulated customer cases. 1419 cases started. 1382 cases run to completion.,210.241160308563,0.4839541143875558,0.032513510352701086,71.73062314837276,21081,104583,398972,,,,
Hungarian,2024-06-04 14:51:27,2024-06-04 14:53:09,102.8611478805542,102.501077399,4.000000000000003,307.5831644315011,COMPLETED: you completed 8760 hours of simulated customer cases. 1638 cases started. 1570 cases run to completion.,320.9338561436635,0.572168839600161,0.037802534015032266,77.17381083320433,24400,138870,964819,,,,
Hungarian,2024-06-04 14:51:53,2024-06-04 14:53:29,96.30161261558533,95.988961445,4.200000000000003,327.6404345824559,COMPLETED: you completed 8760 hours of simulated customer cases. 1635 cases started. 1507 cases run to completion.,355.51181643642377,0.5290762546139159,0.03682391360410443,81.1747852451772,23076,133643,1042510,,,,
Hungarian,2024-06-04 14:51:59,2024-06-04 14:53:34,94.35048413276672,94.047677131,4.3000000000000025,330.72523337831865,COMPLETED: you completed 8760 hours of simulated customer cases. 1509 cases started. 1468 cases run to completion.,339.94538356074077,0.5251211872493473,0.03210034627621515,70.73310466234618,23126,129852,896223,,,,
Hungarian,2024-06-04 14:51:35,2024-06-04 14:53:37,122.81376361846924,122.386700674,4.100000000000003,501.0368564308936,COMPLETED: you completed 8760 hours of simulated customer cases. 1768 cases started. 1679 cases run to completion.,527.5688320655584,0.6109466112326721,0.03902959145030614,75.89333363730373,25182,151150,1954288,,,,
Hungarian,2024-06-04 14:53:10,2024-06-04 14:54:47,97.38306450843811,97.07241391199999,4.400000000000003,411.21844038404396,COMPLETED: you completed 8760 hours of simulated customer cases. 1579 cases started. 1515 cases run to completion.,428.4647448747679,0.5406105780437697,0.03579241957421582,71.67259996829965,23019,128492,1179919,,,,
Hungarian,2024-06-04 14:53:29,2024-06-04 14:54:56,86.49754214286804,86.215304782,4.5000000000000036,274.3429068183593,COMPLETED: you completed 8760 hours of simulated customer cases. 1521 cases started. 1487 cases run to completion.,280.63566986989696,0.5113723516023881,0.0331260182530854,67.64489634221141,21852,116028,744374,,,,
Hungarian,2024-06-04 14:53:34,2024-06-04 14:55:08,94.15514850616455,93.83569657700001,4.600000000000003,266.90291691161815,COMPLETED: you completed 8760 hours of simulated customer cases. 1542 cases started. 1499 cases run to completion.,274.49709199185315,0.5318491650075268,0.03289173146426787,67.01600588171085,22735,122282,707924,,,,
Hungarian,2024-06-04 14:53:38,2024-06-04 14:55:37,119.4983880519867,119.080611541,4.700000000000003,556.5697319443398,COMPLETED: you completed 8760 hours of simulated customer cases. 1655 cases started. 1531 cases run to completion.,601.6190375794866,0.5668767648726787,0.03765747378714665,74.64287913813588,23577,136402,1964783,,,,
Hungarian,2024-06-04 14:54:47,2024-06-04 14:56:33,105.67828488349915,105.32297116400001,4.800000000000003,390.82398304504824,COMPLETED: you completed 8760 hours of simulated customer cases. 1657 cases started. 1627 cases run to completion.,398.016253915482,0.5847846654160423,0.0382186109262307,76.47126175935045,24152,145186,1310332,,,,
Hungarian,2024-06-04 14:54:56,2024-06-04 14:56:40,103.89240455627441,103.56976721,4.900000000000004,491.0771147421355,COMPLETED: you completed 8760 hours of simulated customer cases. 1567 cases started. 1388 cases run to completion.,554.4232162583818,0.5697267888954308,0.038071644895931185,76.34684107534032,23018,137661,1564155,,,,
Hungarian,2024-06-04 14:57:06,2024-06-04 14:58:28,81.83941102027893,81.55223499399999,1.01,164.00786694985584,COMPLETED: you completed 8760 hours of simulated customer cases. 1539 cases started. 1486 cases run to completion.,169.8472566102041,0.31156937360279846,0.021137413549138166,53.015198615357924,22103,71451,414530,,,,
Hungarian,2024-06-04 14:57:06,2024-06-04 14:58:31,85.33353805541992,85.038027519,1.03,158.55699032167072,COMPLETED: you completed 8760 hours of simulated customer cases. 1554 cases started. 1533 cases run to completion.,160.6312809254367,0.33560027730900155,0.028800439485123425,59.7384001872694,23021,79035,419804,,,,
Hungarian,2024-06-04 14:57:06,2024-06-04 14:58:44,97.61885046958923,97.25089141100001,1.0,230.7637341575243,COMPLETED: you completed 8760 hours of simulated customer cases. 1595 cases started. 1572 cases run to completion.,234.0609267610936,0.3726017844439922,0.031350018078566584,65.14301355226861,24032,81480,681842,,,,
Hungarian,2024-06-04 14:57:06,2024-06-04 14:58:47,101.18172073364258,100.775610375,1.02,191.95988747947376,COMPLETED: you completed 8760 hours of simulated customer cases. 1718 cases started. 1648 cases run to completion.,200.12332118051285,0.3783437415716935,0.03374305707707679,69.11922897247841,25007,89681,684082,,,,
Hungarian,2024-06-04 14:58:28,2024-06-04 14:59:52,83.54092741012573,83.259099996,1.04,157.60172303232318,COMPLETED: you completed 8760 hours of simulated customer cases. 1508 cases started. 1472 cases run to completion.,161.35822802640465,0.3355914898752301,0.02777770656722876,57.35530364258781,22670,78141,406440,,,,
Hungarian,2024-06-04 14:58:32,2024-06-04 15:00:15,103.65218114852905,103.28984630699999,1.05,198.6330558500913,COMPLETED: you completed 8760 hours of simulated customer cases. 1782 cases started. 1750 cases run to completion.,202.24123466711504,0.4296850866277853,0.03616010394556849,68.1854012384978,27094,108442,750676,,,,
Hungarian,2024-06-04 14:58:44,2024-06-04 15:00:23,98.64683866500854,98.24628772199999,1.06,174.5454010974439,COMPLETED: you completed 8760 hours of simulated customer cases. 1637 cases started. 1608 cases run to completion.,177.69849722857785,0.37190056534899535,0.031195010131065935,62.85581984834159,24454,92595,561698,,,,
Hungarian,2024-06-04 14:58:48,2024-06-04 15:00:39,111.08128833770752,110.643581655,1.07,193.50418743995206,COMPLETED: you completed 8760 hours of simulated customer cases. 1812 cases started. 1798 cases run to completion.,195.01398335832286,0.42670668090127967,0.035480122734402916,67.81449667391625,27165,108915,754303,,,,
Hungarian,2024-06-04 14:59:52,2024-06-04 15:01:33,101.2463915348053,100.904361844,1.08,188.37625458638684,COMPLETED: you completed 8760 hours of simulated customer cases. 1771 cases started. 1731 cases run to completion.,192.73678812342385,0.4140429027767094,0.03537703971438396,67.91521900534778,26382,106395,703023,,,,
Hungarian,2024-06-04 15:00:16,2024-06-04 15:01:34,78.5354516506195,78.234044021,1.09,146.38304394505894,COMPLETED: you completed 8760 hours of simulated customer cases. 1447 cases started. 1426 cases run to completion.,148.5301647307626,0.3014026666604834,0.027718783092113487,59.11960953326905,21567,74087,312192,,,,
Hungarian,2024-06-04 15:00:23,2024-06-04 15:01:59,96.09754276275635,95.415442439,1.1,167.88772369194527,COMPLETED: you completed 8760 hours of simulated customer cases. 1648 cases started. 1620 cases run to completion.,170.76532276214544,0.37811982160318564,0.03484240880237783,63.894335534345316,24286,90965,477240,,,,
Hungarian,2024-06-04 15:00:39,2024-06-04 15:02:09,89.77463006973267,89.440986395,1.11,153.61306244375547,COMPLETED: you completed 8760 hours of simulated customer cases. 1544 cases started. 1518 cases run to completion.,156.24641487620556,0.35586865416029734,0.027673669129634697,56.01543298966004,22779,84162,427745,,,,
Hungarian,2024-06-04 15:01:33,2024-06-04 15:02:59,85.90730357170105,85.60499263300001,1.12,155.50041486309095,COMPLETED: you completed 8760 hours of simulated customer cases. 1609 cases started. 1582 cases run to completion.,158.0539258349488,0.34718891616675973,0.025754707956015074,55.1830411459628,23412,89186,437446,,,,
Hungarian,2024-06-04 15:01:34,2024-06-04 15:03:06,92.00302934646606,91.68723830299999,1.1300000000000001,155.02124592883396,COMPLETED: you completed 8760 hours of simulated customer cases. 1693 cases started. 1627 cases run to completion.,161.3466591804562,0.38054150323914915,0.031571489002073766,63.414695513596854,24854,98424,502187,,,,
Hungarian,2024-06-04 15:02:00,2024-06-04 15:03:37,97.48444652557373,97.11425339,1.1400000000000001,153.46432260283268,COMPLETED: you completed 8760 hours of simulated customer cases. 1647 cases started. 1632 cases run to completion.,154.84372018225702,0.38045725304013883,0.030891713700123776,62.009883518623774,24623,95760,438970,,,,
Hungarian,2024-06-04 15:02:09,2024-06-04 15:03:51,102.3251326084137,101.925135286,1.1500000000000001,155.37585968762198,COMPLETED: you completed 8760 hours of simulated customer cases. 1708 cases started. 1700 cases run to completion.,156.07904381852327,0.39867456893712905,0.03347554138847025,66.95135245299332,25699,102568,483548,,,,
Hungarian,2024-06-04 15:02:59,2024-06-04 15:04:23,83.03360056877136,82.73868440999999,1.1600000000000001,149.53511552901844,COMPLETED: you completed 8760 hours of simulated customer cases. 1513 cases started. 1455 cases run to completion.,155.3344079488235,0.3410611323291204,0.02688606211498506,55.4055949819664,22696,83453,357006,,,,
Hungarian,2024-06-04 15:03:06,2024-06-04 15:04:33,86.98627972602844,86.67719205399999,1.1700000000000002,152.78609727907718,COMPLETED: you completed 8760 hours of simulated customer cases. 1583 cases started. 1541 cases run to completion.,156.9680633934457,0.3549507745660989,0.027057293728974006,55.93805240069193,23782,89542,397924,,,,
Hungarian,2024-06-04 15:03:38,2024-06-04 15:05:23,105.10394239425659,104.722879091,1.1800000000000002,167.0116857330267,COMPLETED: you completed 8760 hours of simulated customer cases. 1762 cases started. 1755 cases run to completion.,167.66959308777834,0.42154798472649163,0.03230312348333744,61.211227013867486,26043,108188,605080,,,,
Hungarian,2024-06-04 15:03:52,2024-06-04 15:05:32,100.35542321205139,99.79672211100001,1.1900000000000002,168.91234747117284,COMPLETED: you completed 8760 hours of simulated customer cases. 1646 cases started. 1616 cases run to completion.,172.09199574524445,0.38205011017320345,0.030170891191700584,64.06606120463415,24908,101377,533813,,,,
Hungarian,2024-06-04 15:04:23,2024-06-04 15:05:52,88.98135232925415,88.66649031200001,1.2000000000000002,143.55819643929087,COMPLETED: you completed 8760 hours of simulated customer cases. 1657 cases started. 1615 cases run to completion.,147.28581382407222,0.3751302222404564,0.03062528056915211,60.84734146613002,24227,96870,424760,,,,
Hungarian,2024-06-04 15:04:34,2024-06-04 15:06:08,94.14225029945374,93.817610668,1.2100000000000002,186.5324438781219,COMPLETED: you completed 8760 hours of simulated customer cases. 1725 cases started. 1661 cases run to completion.,193.72714554161405,0.3813284536388153,0.028214084473987436,58.56361105349232,24824,100133,572025,,,,
Hungarian,2024-06-04 15:05:23,2024-06-04 15:06:59,95.5511302947998,95.15043438400001,1.2200000000000002,155.48786266200742,COMPLETED: you completed 8760 hours of simulated customer cases. 1671 cases started. 1635 cases run to completion.,158.92945319854292,0.3805159654104202,0.02857535274609854,55.95275215411028,24338,97213,442844,,,,
Hungarian,2024-06-04 15:05:32,2024-06-04 15:07:07,95.0755729675293,94.674615004,1.2300000000000002,185.6431528540121,COMPLETED: you completed 8760 hours of simulated customer cases. 1589 cases started. 1574 cases run to completion.,187.4216773604894,0.38271136916502635,0.03038796956043129,57.89724574385678,23889,92588,555872,,,,
Hungarian,2024-06-04 15:05:52,2024-06-04 15:07:17,85.04799151420593,84.741042553,1.2400000000000002,143.4543075811775,COMPLETED: you completed 8760 hours of simulated customer cases. 1560 cases started. 1533 cases run to completion.,145.98641895037537,0.37945578020093823,0.028885879458457907,54.950267974484944,23302,89336,360583,,,,
Hungarian,2024-06-04 15:06:08,2024-06-04 15:07:37,88.4336416721344,88.106570725,1.2500000000000002,181.49905720571851,COMPLETED: you completed 8760 hours of simulated customer cases. 1580 cases started. 1579 cases run to completion.,181.60857726057333,0.38222195899236944,0.028435992147224535,55.79740576941821,23719,92215,490130,,,,
Hungarian,2024-06-04 15:06:59,2024-06-04 15:08:28,89.59666728973389,89.23282172900001,1.2600000000000002,139.43437978290723,COMPLETED: you completed 8760 hours of simulated customer cases. 1574 cases started. 1533 cases run to completion.,143.1502298567767,0.3649107921504304,0.025644251011435925,58.24159399907594,23116,87924,339465,,,,
Hungarian,2024-06-04 15:07:17,2024-06-04 15:08:41,84.52545309066772,84.22503745,1.2800000000000002,158.16078386805674,COMPLETED: you completed 8760 hours of simulated customer cases. 1574 cases started. 1557 cases run to completion.,159.84654048980426,0.36637876815416287,0.025036998690408645,53.62929454189374,22865,89812,429815,,,,
Hungarian,2024-06-04 15:07:07,2024-06-04 15:08:43,96.02388858795166,95.676324931,1.2700000000000002,166.76444866970783,COMPLETED: you completed 8760 hours of simulated customer cases. 1608 cases started. 1543 cases run to completion.,173.79081921889744,0.41474806070797826,0.0294148072204031,59.06635353568221,24260,97274,477355,,,,
Hungarian,2024-06-04 15:07:37,2024-06-04 15:09:03,85.86205840110779,85.54710553400001,1.2900000000000003,152.1195098137715,COMPLETED: you completed 8760 hours of simulated customer cases. 1596 cases started. 1559 cases run to completion.,155.66400383919992,0.38443899917748187,0.0287950669090483,58.183442187247095,23475,89802,398302,,,,
Hungarian,2024-06-04 15:08:29,2024-06-04 15:09:59,89.89350509643555,89.486022623,1.3000000000000003,152.48069850560532,COMPLETED: you completed 8760 hours of simulated customer cases. 1554 cases started. 1539 cases run to completion.,153.9673616914452,0.38610197570609905,0.025350947795846616,53.923715059516354,22911,85975,367970,,,,
Hungarian,2024-06-04 15:08:41,2024-06-04 15:10:04,83.00511884689331,82.715653759,1.3100000000000003,140.0138280773137,COMPLETED: you completed 8760 hours of simulated customer cases. 1579 cases started. 1557 cases run to completion.,141.96021160111735,0.3849444079792672,0.027467419447283297,57.02649844515648,22918,85589,330016,,,,
Hungarian,2024-06-04 15:08:43,2024-06-04 15:10:15,91.98685359954834,91.66573662500001,1.3200000000000003,183.75938863855978,COMPLETED: you completed 8760 hours of simulated customer cases. 1564 cases started. 1556 cases run to completion.,184.70752753306826,0.38058113347835587,0.026096327886936704,53.64737515771464,22956,90338,544815,,,,
Hungarian,2024-06-04 15:09:03,2024-06-04 15:10:25,81.8191864490509,81.53180116600001,1.3300000000000003,137.96658427884142,COMPLETED: you completed 8760 hours of simulated customer cases. 1552 cases started. 1512 cases run to completion.,141.44412882986302,0.38388509392032044,0.028552699246094253,55.8323979997655,22498,85407,296132,,,,
Hungarian,2024-06-04 15:09:59,2024-06-04 15:11:33,94.20018744468689,93.855577201,1.3400000000000003,175.29365248782767,COMPLETED: you completed 8760 hours of simulated customer cases. 1561 cases started. 1549 cases run to completion.,176.65383029556452,0.41974160063286553,0.030727220705310303,62.215468275985145,23991,96917,495259,,,,
Hungarian,2024-06-04 15:10:04,2024-06-04 15:11:43,98.9113290309906,98.568370994,1.3500000000000003,200.07868583120094,COMPLETED: you completed 8760 hours of simulated customer cases. 1767 cases started. 1743 cases run to completion.,202.78568276802545,0.4995979096446907,0.0310714963757887,59.62057118882256,25908,111683,677394,,,,
Hungarian,2024-06-04 15:10:16,2024-06-04 15:11:46,90.37834429740906,90.00561606000001,1.3600000000000003,186.58206314329752,COMPLETED: you completed 8760 hours of simulated customer cases. 1511 cases started. 1501 cases run to completion.,187.81331088515492,0.40940556368100717,0.026957966945280607,57.52924222621497,22763,88750,478384,,,,
Hungarian,2024-06-04 15:10:25,2024-06-04 15:11:51,85.70671129226685,85.384462485,1.3700000000000003,164.1595063281035,COMPLETED: you completed 8760 hours of simulated customer cases. 1585 cases started. 1573 cases run to completion.,165.40584905445004,0.41580597364477356,0.025868377631383728,54.79780275755728,23323,92827,415441,,,,
Hungarian,2024-06-04 15:11:34,2024-06-04 15:13:08,94.2885091304779,93.95575275,1.3800000000000003,178.98526291222564,COMPLETED: you completed 8760 hours of simulated customer cases. 1550 cases started. 1544 cases run to completion.,179.68252716760497,0.43307532073329963,0.02646408191336169,55.39353212462121,23810,93886,496704,,,,
Hungarian,2024-06-04 15:11:44,2024-06-04 15:13:09,85.41909646987915,85.123940484,1.3900000000000003,184.35272557450094,COMPLETED: you completed 8760 hours of simulated customer cases. 1599 cases started. 1575 cases run to completion.,187.16198745120445,0.4122776790928974,0.025941080226128444,58.54041153773195,23139,91072,470165,,,,
Hungarian,2024-06-04 15:11:51,2024-06-04 15:13:16,85.22260403633118,84.899491921,1.4100000000000004,167.52570595413565,COMPLETED: you completed 8760 hours of simulated customer cases. 1589 cases started. 1574 cases run to completion.,169.1292737296997,0.43037162525764977,0.029841210450777315,59.38138139835876,23183,92561,429893,,,,
Hungarian,2024-06-04 15:11:46,2024-06-04 15:13:22,96.20672059059143,95.72056830400001,1.4000000000000004,183.4069760252506,COMPLETED: you completed 8760 hours of simulated customer cases. 1604 cases started. 1580 cases run to completion.,186.17072619644478,0.4436580060644757,0.028753082454081702,58.78881171465452,24011,99321,512773,,,,
Hungarian,2024-06-04 15:13:09,2024-06-04 15:14:31,82.06019830703735,81.774830127,1.4300000000000004,152.60613343912945,COMPLETED: you completed 8760 hours of simulated customer cases. 1536 cases started. 1513 cases run to completion.,154.9302772232247,0.4274831053294296,0.02364261008952005,51.80573157625409,22775,88677,345443,,,,
Hungarian,2024-06-04 15:13:08,2024-06-04 15:14:42,93.77983331680298,93.423626985,1.4200000000000004,160.64881662091625,COMPLETED: you completed 8760 hours of simulated customer cases. 1653 cases started. 1599 cases run to completion.,166.03615444560205,0.46947443150699375,0.026724418795040016,55.35082687053236,24027,97851,421761,,,,
Hungarian,2024-06-04 15:13:17,2024-06-04 15:14:52,95.75789499282837,95.39949751399999,1.4400000000000004,212.02528129285884,COMPLETED: you completed 8760 hours of simulated customer cases. 1701 cases started. 1612 cases run to completion.,223.74131735504218,0.4876259536965487,0.030746860951686425,63.65912680907735,24753,106438,694940,,,,
Hungarian,2024-06-04 15:13:23,2024-06-04 15:15:01,98.7263913154602,98.37003856599999,1.4500000000000004,197.18405197867963,COMPLETED: you completed 8760 hours of simulated customer cases. 1636 cases started. 1615 cases run to completion.,199.7415763041434,0.46923085281812366,0.027206893750780232,57.11773902323803,24584,103733,591914,,,,
Hungarian,2024-06-04 15:14:31,2024-06-04 15:16:02,90.35882186889648,90.048425653,1.4600000000000004,212.54735032888595,COMPLETED: you completed 8760 hours of simulated customer cases. 1584 cases started. 1531 cases run to completion.,219.91612951198508,0.4431001864744833,0.02626987541297215,59.48441773218166,23751,100158,641971,,,,
Hungarian,2024-06-04 15:14:53,2024-06-04 15:16:10,77.18802523612976,76.897668804,1.4800000000000004,164.7105262092934,COMPLETED: you completed 8760 hours of simulated customer cases. 1472 cases started. 1455 cases run to completion.,166.56836445082527,0.41076153439308244,0.025093040803624216,52.5932556460043,21377,79717,328875,,,,
Hungarian,2024-06-04 15:14:42,2024-06-04 15:16:14,91.64715909957886,91.148966238,1.4700000000000004,183.50780923072955,COMPLETED: you completed 8760 hours of simulated customer cases. 1597 cases started. 1560 cases run to completion.,187.8550644740323,0.44378661566635347,0.0251001789302306,56.16212331462589,23134,92990,462383,,,,
Hungarian,2024-06-04 15:15:02,2024-06-04 15:16:30,88.21283221244812,87.903094876,1.4900000000000004,166.1052883104911,COMPLETED: you completed 8760 hours of simulated customer cases. 1578 cases started. 1549 cases run to completion.,169.21600342600559,0.431040107153009,0.025378888326295243,57.040375282509736,23371,94579,390900,,,,
KBatch,2024-06-04 15:36:55,2024-06-04 15:45:11,496.0271406173706,3274.897983001,4.0,726.3821029571277,COMPLETED: you completed 8760 hours of simulated customer cases. 1610 cases started. 1341 cases run to completion.,872.2193792526596,0.5889798122623886,0.03934579969828801,68.52942490177207,21317,0,0,,,,
KBatch,2024-06-04 15:36:55,2024-06-04 15:46:14,558.973541021347,4057.103672955,5.0,1044.3869897750528,COMPLETED: you completed 8760 hours of simulated customer cases. 1710 cases started. 1319 cases run to completion.,1354.129056655248,0.5968705006940157,0.03920056650249735,68.13746666375762,21337,0,0,,,,
KBatch,2024-06-04 15:36:55,2024-06-04 15:46:16,560.8211138248444,3808.9438210959997,2.0,783.4554842581912,COMPLETED: you completed 8760 hours of simulated customer cases. 1664 cases started. 1478 cases run to completion.,881.9035140612453,0.6104244029442744,0.04156408120401486,72.31908922763695,22417,0,0,,,,
KBatch,2024-06-04 15:36:55,2024-06-04 15:47:40,645.1022779941559,5021.180308669999,3.0,1015.1218190075654,COMPLETED: you completed 8760 hours of simulated customer cases. 1709 cases started. 1443 cases run to completion.,1202.3272276132016,0.6239057604645276,0.04285486577194129,73.5259447923193,22791,0,0,,,,
KBatch,2024-06-04 15:45:12,2024-06-04 15:53:16,484.67341351509094,3560.90159334,6.0,802.1890934310602,COMPLETED: you completed 8760 hours of simulated customer cases. 1527 cases started. 1341 cases run to completion.,913.5233171214396,0.5890896548889353,0.04066837453528931,71.3093393439259,20999,0,0,,,,
KBatch,2024-06-04 15:47:41,2024-06-04 15:53:48,367.6248662471771,1765.782794948,9.0,566.331958131323,COMPLETED: you completed 8760 hours of simulated customer cases. 1496 cases started. 1345 cases run to completion.,629.9818339506033,0.5462126758138884,0.03521150942390505,65.51308623280623,20220,0,0,,,,
KBatch,2024-06-04 15:46:14,2024-06-04 15:54:05,470.5611209869385,3307.571521552,7.0,723.5357379839418,COMPLETED: you completed 8760 hours of simulated customer cases. 1551 cases started. 1381 cases run to completion.,812.7001807049202,0.5916643263884415,0.03767988166353877,68.44593094479909,21621,0,0,,,,
KBatch,2024-06-04 15:46:16,2024-06-04 15:54:48,511.85372972488403,4711.873218052,8.0,874.3547210153913,COMPLETED: you completed 8760 hours of simulated customer cases. 1709 cases started. 1380 cases run to completion.,1082.218201085772,0.5946554450028776,0.03791800713916291,67.03907858363702,21993,0,0,,,,
KBatch,2024-06-04 15:57:51,2024-06-04 16:05:14,442.69909739494324,2968.743341057,13.0,664.942372771189,COMPLETED: you completed 8760 hours of simulated customer cases. 1536 cases started. 1376 cases run to completion.,742.1494882054038,0.5885108093524165,0.036089838769346475,63.66146414263177,21295,0,0,,,,
KBatch,2024-06-04 15:57:51,2024-06-04 16:05:45,474.027752161026,3040.533008712,11.0,774.2668995758559,COMPLETED: you completed 8760 hours of simulated customer cases. 1580 cases started. 1305 cases run to completion.,937.3850917814532,0.5690865227371268,0.03892172554590479,69.85971448260226,20799,0,0,,,,
KBatch,2024-06-04 15:57:51,2024-06-04 16:07:14,562.6985957622528,4570.303614372,14.0,1098.029770597771,COMPLETED: you completed 8760 hours of simulated customer cases. 1632 cases started. 1310 cases run to completion.,1367.2531733841242,0.5903980172698029,0.04138600278658307,73.48070508051931,21308,0,0,,,,
KBatch,2024-06-04 15:57:51,2024-06-04 16:07:33,582.1320052146912,4571.668253975,12.0,1482.7899335110724,COMPLETED: you completed 8760 hours of simulated customer cases. 1616 cases started. 1196 cases run to completion.,2003.7173462357111,0.5843346265770213,0.044122249972511615,75.1450740770461,20337,0,0,,,,
KBatch,2024-06-04 16:05:46,2024-06-04 16:13:07,441.23091220855713,3069.083134049,16.0,674.5265784388297,COMPLETED: you completed 8760 hours of simulated customer cases. 1557 cases started. 1328 cases run to completion.,790.351762723728,0.5705409875880715,0.03744226126605716,66.27516453077698,20627,0,0,,,,
KBatch,2024-06-04 16:05:14,2024-06-04 16:13:38,504.0690965652466,3771.3437686409998,15.0,1016.6803675716183,COMPLETED: you completed 8760 hours of simulated customer cases. 1530 cases started. 1194 cases run to completion.,1303.0366963375893,0.5521078398307965,0.042568212003446904,76.91702643217921,19666,0,0,,,,
KBatch,2024-06-04 16:07:14,2024-06-04 16:16:00,526.4618060588837,3838.044135238,17.0,967.9240916849539,COMPLETED: you completed 8760 hours of simulated customer cases. 1491 cases started. 1238 cases run to completion.,1165.4994132127476,0.5754087727071813,0.04142927039531214,72.46910308489117,20511,0,0,,,,
KBatch,2024-06-04 16:07:34,2024-06-04 16:16:25,530.6273014545441,4348.282980121,18.0,976.8325793163449,COMPLETED: you completed 8760 hours of simulated customer cases. 1606 cases started. 1262 cases run to completion.,1243.2124370002182,0.5757783409424415,0.04124440686569228,71.4518680273408,20180,0,0,,,,
KBatch,2024-06-04 16:13:07,2024-06-04 16:19:58,411.2380475997925,5984.499874814,19.0,1235.361362921159,COMPLETED: you completed 8760 hours of simulated customer cases. 1545 cases started. 1207 cases run to completion.,1581.4115837924746,0.5661157381624015,0.041027192408773984,71.28570925388519,19756,0,0,,,,
