KBatch,2024-03-08 08:29:15,2024-03-08 12:43:36,15261.393823862076,127078.036230909,2.0,135.18674092325344,COMPLETED: you completed 1680 hours of simulated customer cases. 9697 cases started. 8450 cases run to completion.,155.14712402067383,0.6203814005265803,0.19754941945641058,5.372859680614653,69144,0,0,,,,
KBatch,2024-03-08 12:43:37,2024-03-08 18:05:20,19302.6461250782,132928.478260319,3.0,153.35466228571076,COMPLETED: you completed 1680 hours of simulated customer cases. 10006 cases started. 8501 cases run to completion.,180.50593250327253,0.7261276388865308,0.04796777361368865,1.6866296663306963,70749,0,0,,,,
KBatch,2024-03-08 18:05:20,2024-03-08 22:24:26,15545.815489292145,118799.619974599,4.0,151.78048753904477,COMPLETED: you completed 1680 hours of simulated customer cases. 9311 cases started. 8136 cases run to completion.,173.70738848807858,0.6937028551504298,0.04538917298822024,2.0784863659225006,67299,0,0,,,,
KBatch,2024-03-08 22:24:26,2024-03-09 05:55:29,27063.212808847427,129900.45415419001,5.0,256.2832221977157,COMPLETED: you completed 1680 hours of simulated customer cases. 10361 cases started. 7894 cases run to completion.,336.38517970500993,0.7605504304497872,0.02393717319764059,1.1376759031233803,66147,0,0,,,,
KBatch,2024-03-09 05:55:30,2024-03-09 10:39:38,17048.390026569366,113317.138912318,6.0,190.19542093176958,COMPLETED: you completed 1680 hours of simulated customer cases. 9042 cases started. 7522 cases run to completion.,228.6426463687207,0.6761910710878534,0.04528572096798257,1.710852202726042,62356,0,0,,,,
KBatch,2024-03-09 10:39:39,2024-03-09 17:00:36,22857.133465766907,119424.53239275899,7.0,236.72018553942817,COMPLETED: you completed 1680 hours of simulated customer cases. 10016 cases started. 7515 cases run to completion.,315.5044739937259,0.7479576613380301,0.02556372204517029,1.1530717487917443,62627,0,0,,,,
KBatch,2024-03-09 18:24:51,2024-03-09 23:16:49,17518.23717069626,118215.854109284,8.0,189.28019623293395,COMPLETED: you completed 1680 hours of simulated customer cases. 9279 cases started. 7879 cases run to completion.,222.91752638306906,0.7353051979197347,0.027769810457684015,1.081732061695691,65000,0,0,,,,
KBatch,2024-03-09 23:16:49,2024-03-10 03:26:26,14977.155303478241,112073.686225409,9.0,154.23234239910238,COMPLETED: you completed 1680 hours of simulated customer cases. 9525 cases started. 7973 cases run to completion.,184.2510011497963,0.7165220614847606,0.02558469857057496,1.2833912239804,64969,0,0,,,,
KBatch,2024-03-10 03:26:27,2024-03-10 11:07:58,27691.75173306465,122568.111470702,10.0,309.5085773149977,COMPLETED: you completed 1680 hours of simulated customer cases. 9510 cases started. 6958 cases run to completion.,423.03321886599355,0.8027269556539482,0.5512294019435561,2.4548615304633343,58176,0,0,,,,
KBatch,2024-03-10 11:07:59,2024-03-10 15:37:20,16161.22608089447,111653.516504625,11.0,176.07065513100176,COMPLETED: you completed 1680 hours of simulated customer cases. 9079 cases started. 7479 cases run to completion.,213.74262102873962,0.7136824888747744,0.02680437907006587,1.247355417936779,62626,0,0,,,,
KBatch,2024-03-10 15:37:20,2024-03-10 20:57:39,19218.54484820366,123819.81721192099,12.0,194.1630184485384,COMPLETED: you completed 1680 hours of simulated customer cases. 9499 cases started. 7944 cases run to completion.,232.18018645000757,0.7539851765763506,0.041464453711917544,1.5053444753688028,66131,0,0,,,,
KBatch,2024-03-10 20:57:39,2024-03-11 01:27:55,16216.108712911606,118663.55881324799,13.0,171.80099681455835,COMPLETED: you completed 1680 hours of simulated customer cases. 9226 cases started. 7650 cases run to completion.,207.19981988722267,0.694905978410837,0.03976476964572273,1.7985271098889266,63544,0,0,,,,
KBatch,2024-03-11 01:27:56,2024-03-11 07:47:18,22762.514347076416,130440.80519142299,14.0,230.14832898555275,COMPLETED: you completed 1680 hours of simulated customer cases. 9748 cases started. 7848 cases run to completion.,285.8689823748744,0.7040808644873325,0.025692413925342546,1.2073207378702757,66202,0,0,,,,
